mean_x,mean_y,cluster
860.6742386420369,393.82114328507237,3
833.6271503803393,411.3853715623171,3
805.6375983615393,399.29470734073516,3
995.2665540948016,525.3027379085755,3
